ColumnName,Sum,Count
CLM_NO,10380054601.0,1038.0
CLM_NO_LN,6230.0,1038.0
RCV_DT,,1038.0
SERV_DT,,1038.0
RESOLVED_DT,,1038.0
ALLOW_AMT,528111.9004068247,1038.0
RESOLVED_AMT,73935.66605695547,1038.0
